{"cameraMode":{"drawMode":0,"name":"Shaded","section":"Shading Mode"},"sceneLighting":false,"audioPlay":false,"sceneViewState":{"showFog":false,"showMaterialUpdate":false,"showSkybox":false,"showFlares":false,"showImageEffects":false,"showParticleSystems":false},"in2DMode":false,"pivot":{"x":-0.08999967575073242,"y":1.19700026512146,"z":-8.157999992370606},"rotation":{"x":0.37652328610420229,"y":0.23896092176437379,"z":-0.10117190331220627,"w":0.8893213272094727},"size":12.74050235748291,"orthographic":true}