{"cameraMode":{"drawMode":0,"name":"Shaded","section":"Shading Mode"},"sceneLighting":true,"audioPlay":false,"sceneViewState":{"showFog":false,"showMaterialUpdate":false,"showSkybox":false,"showFlares":false,"showImageEffects":false,"showParticleSystems":false},"in2DMode":false,"pivot":{"x":0.054640233516693118,"y":-0.48289060592651369,"z":0.23228245973587037},"rotation":{"x":-0.2855488955974579,"y":0.3592783212661743,"z":-0.11647571623325348,"w":-0.8808056712150574},"size":1.3732051849365235,"orthographic":false}