{"cameraMode":{"drawMode":0,"name":"Shaded","section":"Shading Mode"},"sceneLighting":true,"audioPlay":false,"sceneViewState":{"showFog":false,"showMaterialUpdate":false,"showSkybox":false,"showFlares":false,"showImageEffects":false,"showParticleSystems":false},"in2DMode":false,"pivot":{"x":-2.9899542331695558,"y":-2.1496644020080568,"z":97.38481903076172},"rotation":{"x":-0.003309564432129264,"y":0.0035971456672996284,"z":-0.000012029086974507663,"w":-0.999989926815033},"size":60.311248779296878,"orthographic":false}