{"cameraMode":{"drawMode":0,"name":"Shaded","section":"Shading Mode"},"sceneLighting":false,"audioPlay":false,"sceneViewState":{"showFog":false,"showMaterialUpdate":false,"showSkybox":false,"showFlares":false,"showImageEffects":false,"showParticleSystems":false},"in2DMode":false,"pivot":{"x":0.6299972534179688,"y":-0.4699983596801758,"z":0.0},"rotation":{"x":-0.11917760223150253,"y":0.31470736861228945,"z":-0.03986428305506706,"w":-0.9408400058746338},"size":25.980772018432618,"orthographic":false}