{"cameraMode":{"drawMode":0,"name":"Shaded","section":"Shading Mode"},"sceneLighting":false,"audioPlay":false,"sceneViewState":{"showFog":false,"showMaterialUpdate":false,"showSkybox":false,"showFlares":false,"showImageEffects":false,"showParticleSystems":false},"in2DMode":false,"pivot":{"x":-9.442474365234375,"y":-3.641881227493286,"z":1.4958248138427735},"rotation":{"x":-0.12168814241886139,"y":0.25656360387802126,"z":-0.0325799398124218,"w":-0.9582837224006653},"size":19.421388626098634,"orthographic":false}