{"cameraMode":{"drawMode":0,"name":"Shaded","section":"Shading Mode"},"sceneLighting":true,"audioPlay":false,"sceneViewState":{"showFog":false,"showMaterialUpdate":false,"showSkybox":false,"showFlares":false,"showImageEffects":false,"showParticleSystems":false},"in2DMode":false,"pivot":{"x":0.5384278297424316,"y":0.381150484085083,"z":-0.8882794380187988},"rotation":{"x":-0.12168814241886139,"y":0.25656360387802126,"z":-0.0325799398124218,"w":-0.9582837224006653},"size":2.973301649093628,"orthographic":false}