{"cameraMode":{"drawMode":0,"name":"Shaded","section":"Shading Mode"},"sceneLighting":true,"audioPlay":false,"sceneViewState":{"showFog":false,"showMaterialUpdate":false,"showSkybox":false,"showFlares":false,"showImageEffects":false,"showParticleSystems":false},"in2DMode":false,"pivot":{"x":0.04999828338623047,"y":-5.439241409301758,"z":-0.08019065856933594},"rotation":{"x":-0.040939535945653918,"y":0.6507353186607361,"z":-0.03517405688762665,"w":-0.7573962807655335},"size":21.024015426635743,"orthographic":false}