{"cameraMode":{"drawMode":0,"name":"Shaded","section":"Shading Mode"},"sceneLighting":true,"audioPlay":false,"sceneViewState":{"showFog":false,"showMaterialUpdate":false,"showSkybox":false,"showFlares":false,"showImageEffects":false,"showParticleSystems":false},"in2DMode":false,"pivot":{"x":-3.235107421875,"y":0.08251953125,"z":-0.63330078125},"rotation":{"x":0.37652328610420229,"y":0.23896092176437379,"z":-0.10117190331220627,"w":0.8893213272094727},"size":8.367188453674317,"orthographic":true}