{"cameraMode":{"drawMode":0,"name":"Shaded","section":"Shading Mode"},"sceneLighting":true,"audioPlay":false,"sceneViewState":{"showFog":true,"showMaterialUpdate":false,"showSkybox":true,"showFlares":true,"showImageEffects":true,"showParticleSystems":true},"in2DMode":false,"pivot":{"x":-0.03125607967376709,"y":0.745842456817627,"z":1.839128017425537},"rotation":{"x":-0.28992727398872378,"y":-0.03100416250526905,"z":0.00939764454960823,"w":-0.9565014839172363},"size":2.6111438274383547,"orthographic":false}