{"cameraMode":{"drawMode":0,"name":"Shaded","section":"Shading Mode"},"sceneLighting":false,"audioPlay":false,"sceneViewState":{"showFog":true,"showMaterialUpdate":false,"showSkybox":false,"showFlares":true,"showImageEffects":true,"showParticleSystems":true},"in2DMode":false,"pivot":{"x":-0.08928751945495606,"y":0.08213117718696594,"z":0.15721595287322999},"rotation":{"x":-0.020412789657711984,"y":0.9547150135040283,"z":-0.06741918623447418,"w":-0.28906306624412539},"size":0.7216612696647644,"orthographic":false}