{"cameraMode":{"drawMode":0,"name":"Shaded","section":"Shading Mode"},"sceneLighting":false,"audioPlay":false,"sceneViewState":{"showFog":true,"showMaterialUpdate":false,"showSkybox":false,"showFlares":true,"showImageEffects":true,"showParticleSystems":true},"in2DMode":false,"pivot":{"x":60.7822151184082,"y":275.7739562988281,"z":-153.9490966796875},"rotation":{"x":-0.2799588143825531,"y":0.0192921981215477,"z":-0.005627492442727089,"w":-0.9598028659820557},"size":78.28968048095703,"orthographic":false}