{"cameraMode":{"drawMode":0,"name":"Shaded","section":"Shading Mode"},"sceneLighting":false,"audioPlay":false,"sceneViewState":{"showFog":true,"showMaterialUpdate":false,"showSkybox":false,"showFlares":true,"showImageEffects":true,"showParticleSystems":true},"in2DMode":false,"pivot":{"x":0.008227348327636719,"y":0.6209220886230469,"z":5.970813751220703},"rotation":{"x":-0.15656191110610963,"y":0.6162167191505432,"z":-0.12671062350273133,"w":-0.7613888382911682},"size":3.618218421936035,"orthographic":false}