{"cameraMode":{"drawMode":0,"name":"Shaded","section":"Shading Mode"},"sceneLighting":false,"audioPlay":false,"sceneViewState":{"showFog":true,"showMaterialUpdate":false,"showSkybox":false,"showFlares":true,"showImageEffects":true,"showParticleSystems":true},"in2DMode":false,"pivot":{"x":-0.9843205213546753,"y":0.5584710836410523,"z":2.415008068084717},"rotation":{"x":-0.018890568986535074,"y":0.9801379442214966,"z":-0.15989390015602113,"w":-0.11579756438732147},"size":4.985956192016602,"orthographic":false}