{"cameraMode":{"drawMode":0,"name":"Shaded","section":"Shading Mode"},"sceneLighting":false,"audioPlay":false,"sceneViewState":{"showFog":true,"showMaterialUpdate":false,"showSkybox":false,"showFlares":true,"showImageEffects":true,"showParticleSystems":true},"in2DMode":false,"pivot":{"x":-0.4963710904121399,"y":0.018277611583471299,"z":1.50111985206604},"rotation":{"x":-0.19813001155853272,"y":0.610258162021637,"z":-0.1612376570701599,"w":-0.7498896718025208},"size":1.01668119430542,"orthographic":false}