{"cameraMode":{"drawMode":0,"name":"Shaded","section":"Shading Mode"},"sceneLighting":false,"audioPlay":false,"sceneViewState":{"showFog":true,"showMaterialUpdate":false,"showSkybox":false,"showFlares":true,"showImageEffects":true,"showParticleSystems":true},"in2DMode":false,"pivot":{"x":-0.1418013572692871,"y":0.6206183433532715,"z":-3.0311279296875},"rotation":{"x":-0.018890568986535074,"y":0.9801379442214966,"z":-0.15989390015602113,"w":-0.11579756438732147},"size":12.74050235748291,"orthographic":false}