{"cameraMode":{"drawMode":0,"name":"Shaded","section":"Shading Mode"},"sceneLighting":false,"audioPlay":false,"sceneViewState":{"showFog":true,"showMaterialUpdate":false,"showSkybox":false,"showFlares":true,"showImageEffects":true,"showParticleSystems":true},"in2DMode":false,"pivot":{"x":-0.4963710904121399,"y":0.018277611583471299,"z":1.50111985206604},"rotation":{"x":-0.015463084913790226,"y":0.9819038510322571,"z":-0.1647213101387024,"w":-0.0921744555234909},"size":1.01668119430542,"orthographic":false}