{"cameraMode":{"drawMode":0,"name":"Shaded","section":"Shading Mode"},"sceneLighting":false,"audioPlay":false,"sceneViewState":{"showFog":true,"showMaterialUpdate":false,"showSkybox":false,"showFlares":true,"showImageEffects":true,"showParticleSystems":true},"in2DMode":false,"pivot":{"x":0.000027000904083251953,"y":0.5575479865074158,"z":0.11087203025817871},"rotation":{"x":0.2612324357032776,"y":0.008682764135301113,"z":-0.0023502190597355367,"w":0.9652353525161743},"size":0.7626373171806336,"orthographic":false}