{"cameraMode":{"drawMode":0,"name":"Shaded","section":"Shading Mode"},"sceneLighting":false,"audioPlay":false,"sceneViewState":{"showFog":true,"showMaterialUpdate":false,"showSkybox":false,"showFlares":true,"showImageEffects":true,"showParticleSystems":true},"in2DMode":false,"pivot":{"x":152.22000122070313,"y":290.3918762207031,"z":-1109.5313720703125},"rotation":{"x":0.5499523282051086,"y":0.0025014912243932487,"z":-0.0016476208111271263,"w":0.835191547870636},"size":146.573486328125,"orthographic":false}